<?xml version="1.0"?>
<Task name="" clid="{D45BD078-C776-4DD2-B47F-68E6CE886C42}"><Datafields><DataField name="MA_VORNAME" datatype="string" clid="{0C96C304-20D7-40E3-8994-499E0B3E8F03}" isGlobal="false"><Text>Vorname des MA</Text><Properties><Property name="Length" typ="integer"><value>100</value></Property><Property name="Readonly" typ="bool"><value>false</value></Property><Property name="RegEx" typ="string"><value></value></Property><Property name="CharCase" typ="TEditCharCase"><value>ecNormal</value></Property></Properties></DataField><DataField name="MA_NACHNAME" datatype="string" clid="{4ABA0B19-6728-40CF-89D1-82379C8D57F6}" isGlobal="false"><Text>Nachname des MA</Text><Properties><Property name="Length" typ="integer"><value>100</value></Property><Property name="Readonly" typ="bool"><value>false</value></Property><Property name="RegEx" typ="string"><value></value></Property><Property name="CharCase" typ="TEditCharCase"><value>ecNormal</value></Property></Properties></DataField><DataField name="EINSTELLUNGSDATUM" datatype="date" clid="{2BE347F4-7EEB-4D7F-BF2E-B03D54771458}" isGlobal="false"><Text>Datum der geplanten Einstellung</Text><Properties><Property name="Format" typ="string"><value>dd.MM.yyyy</value></Property><Property name="Default" typ="string"><value>$Date</value></Property></Properties></DataField><DataField name="LOHNGRUPPE_AUSGESCHRIEBEN" datatype="string" clid="{0941196E-AAB6-4529-8C91-E932D2A0E5C0}" isGlobal="false"><Text>Lohngruppe der Ausschreibung</Text><Properties><Property name="Length" typ="integer"><value>100</value></Property><Property name="Readonly" typ="bool"><value>false</value></Property><Property name="RegEx" typ="string"><value></value></Property><Property name="CharCase" typ="TEditCharCase"><value>ecNormal</value></Property></Properties></DataField><DataField name="LOHNGRUPPE_EINSTELLUNG" datatype="string" clid="{9134D3FE-87F1-429C-A603-7BB55728F918}" isGlobal="false"><Text>Lohngruppe der Einstellung</Text><Properties><Property name="Length" typ="integer"><value>100</value></Property><Property name="Readonly" typ="bool"><value>false</value></Property><Property name="RegEx" typ="string"><value></value></Property><Property name="CharCase" typ="TEditCharCase"><value>ecNormal</value></Property></Properties></DataField><DataField name="BEWERBER_INTERN" datatype="integer" clid="{AE7FD20E-81EA-4C30-851D-8A965CA498BE}" isGlobal="false"><Text>Bewerbung von internen Mitarbeitern</Text><Properties><Property name="Default" typ="integer"><value>0</value></Property><Property name="Min" typ="integer"><value>0</value></Property><Property name="Max" typ="integer"><value>0</value></Property></Properties></DataField><DataField name="BEWERBER_KONZERN" datatype="integer" clid="{5CFC7243-A148-4FEB-B1A6-1B5CC5D1E74A}" isGlobal="false"><Text>Bewerver aus dem Konzern</Text><Properties><Property name="Default" typ="integer"><value>0</value></Property><Property name="Min" typ="integer"><value>0</value></Property><Property name="Max" typ="integer"><value>0</value></Property></Properties></DataField><DataField name="BEWERBER_EXTERN" datatype="string" clid="{9CBD2EB8-669E-4B0D-BB8C-6EBCB86FB7B0}" isGlobal="false"><Text>Bewerber extern</Text><Properties><Property name="Length" typ="integer"><value>100</value></Property><Property name="Readonly" typ="bool"><value>false</value></Property><Property name="RegEx" typ="string"><value></value></Property><Property name="CharCase" typ="TEditCharCase"><value>ecNormal</value></Property></Properties></DataField><DataField name="AUFGABEN" datatype="text" clid="{A5837BFD-F798-4A2C-860F-011EABF5048E}" isGlobal="false"><Text>Beschreibung der Aufgaben</Text><Properties><Property name="Default" typ="bool"><value>false</value></Property></Properties></DataField><DataField name="ABTEILUNG" datatype="string" clid="{29298E2E-7BE8-4FA0-9F45-F9DBAC8E077E}" isGlobal="false"><Text>Name der Abteilung</Text><Properties><Property name="Length" typ="integer"><value>100</value></Property><Property name="Readonly" typ="bool"><value>false</value></Property><Property name="RegEx" typ="string"><value></value></Property><Property name="CharCase" typ="TEditCharCase"><value>ecNormal</value></Property></Properties></DataField><DataField name="AUSCHREIBUNGSREFERENZ" datatype="string" clid="{0FA4237A-EB3A-4D96-AFFC-2AFAF36EB276}" isGlobal="false"><Text>Ausschreibungs Nr. o.</Text><Properties><Property name="Length" typ="integer"><value>100</value></Property><Property name="Readonly" typ="bool"><value>false</value></Property><Property name="RegEx" typ="string"><value></value></Property><Property name="CharCase" typ="TEditCharCase"><value>ecNormal</value></Property></Properties></DataField><DataField name="ANMERKUNGEN" datatype="text" clid="{5F533D51-F433-46F9-858F-B67956DBD7FC}" isGlobal="false"><Text>Anmerkungen des Gremiums</Text><Properties><Property name="Default" typ="bool"><value>false</value></Property></Properties></DataField><DataField name="KANDIDATEN" datatype="table" clid="{AF6CEC89-6230-4749-A886-1FD87B842C5A}" isGlobal="false"><Text>List der internen Kandidaten</Text><Properties><Property name="MinLines" typ="integer"><value>0</value></Property><Property name="MaxLines" typ="integer"><value>0</value></Property></Properties><Childs><DataField name="MA_NAME" datatype="string" clid="{B43AFA70-89F9-4E91-9976-9A0EE17CEF93}" isGlobal="false"><Text>Name des Kandidaten</Text><Properties><Property name="Length" typ="integer"><value>100</value></Property><Property name="Readonly" typ="bool"><value>false</value></Property><Property name="RegEx" typ="string"><value></value></Property><Property name="CharCase" typ="TEditCharCase"><value>ecNormal</value></Property></Properties></DataField><DataField name="MA_VORNAME" datatype="string" clid="{C331C6EC-14EC-45E9-821F-58EEE0D2E669}" isGlobal="false"><Text>Vorname des Kandidaten</Text><Properties><Property name="Length" typ="integer"><value>100</value></Property><Property name="Readonly" typ="bool"><value>false</value></Property><Property name="RegEx" typ="string"><value></value></Property><Property name="CharCase" typ="TEditCharCase"><value>ecNormal</value></Property></Properties></DataField><DataField name="ABTEILUNG" datatype="string" clid="{22F5BFE0-B93B-4D54-BE23-6DB97C0CB00B}" isGlobal="false"><Text>Abteilung des kandiaten</Text><Properties><Property name="Length" typ="integer"><value>100</value></Property><Property name="Readonly" typ="bool"><value>false</value></Property><Property name="RegEx" typ="string"><value></value></Property><Property name="CharCase" typ="TEditCharCase"><value>ecNormal</value></Property></Properties></DataField><DataField name="GRUND" datatype="string" clid="{8B85AB65-D324-4283-91AD-E4347B744222}" isGlobal="false"><Text>Der Grund der Nichteignung</Text><Properties><Property name="Length" typ="integer"><value>100</value></Property><Property name="Readonly" typ="bool"><value>false</value></Property><Property name="RegEx" typ="string"><value></value></Property><Property name="CharCase" typ="TEditCharCase"><value>ecNormal</value></Property></Properties></DataField></Childs></DataField></Datafields><Forms><Form name="Einstellung" clid="{C952312A-5FEC-42F3-BFA9-67D1EBCC23DE}" mainform="true"><Control clid="{AA43940A-E1BE-4EC1-926F-719F187BDEB0}" field="" fieldclid="" ctrlType=""><Control clid="{C710E743-17F4-4654-84B9-99BD9FFF49FE}" field="" fieldclid="" ctrlType="TGroupBox"><Property name="Align" typ="TAlign"><value>alTop</value></Property><Property name="Caption" typ="string"><value>Allgemeines</value></Property><Property name="Enabled" typ="boolean"><value>true</value></Property><Property name="Height" typ="integer"><value>105</value></Property><Property name="Left" typ="integer"><value>1</value></Property><Property name="Name" typ="String"><value>grpAllgemein</value></Property><Property name="Top" typ="integer"><value>1</value></Property><Property name="Visible" typ="boolean"><value>true</value></Property><Property name="Width" typ="integer"><value>699</value></Property><Control clid="{F147DFFA-9101-4817-ABBE-413D02FB486A}" field="MA_NACHNAME" fieldclid="{4ABA0B19-6728-40CF-89D1-82379C8D57F6}" ctrlType="TLabeledEdit"><Property name="Align" typ="TAlign"><value>alNone</value></Property><Property name="Caption" typ="string"><value>Name</value></Property><Property name="CharCase" typ="TEditCharCase"><value>ecNormal</value></Property><Property name="Datafield" typ="TaskDataField"><value>MA_NACHNAME</value></Property><Property name="Enabled" typ="boolean"><value>true</value></Property><Property name="Height" typ="integer"><value>21</value></Property><Property name="Left" typ="integer"><value>20</value></Property><Property name="Name" typ="String"><value>edName</value></Property><Property name="NumbersOnly" typ="boolean"><value>false</value></Property><Property name="Required" typ="boolean"><value>false</value></Property><Property name="Text" typ="string"><value>Mustermann</value></Property><Property name="Top" typ="integer"><value>40</value></Property><Property name="Visible" typ="boolean"><value>true</value></Property><Property name="Width" typ="integer"><value>121</value></Property></Control><Control clid="{ACA957DA-20E4-4A35-A2C1-D8CD46679282}" field="MA_VORNAME" fieldclid="{0C96C304-20D7-40E3-8994-499E0B3E8F03}" ctrlType="TLabeledEdit"><Property name="Align" typ="TAlign"><value>alNone</value></Property><Property name="Caption" typ="string"><value>Vorname</value></Property><Property name="CharCase" typ="TEditCharCase"><value>ecNormal</value></Property><Property name="Datafield" typ="TaskDataField"><value>MA_VORNAME</value></Property><Property name="Enabled" typ="boolean"><value>true</value></Property><Property name="Height" typ="integer"><value>21</value></Property><Property name="Left" typ="integer"><value>148</value></Property><Property name="Name" typ="String"><value>edVorname</value></Property><Property name="NumbersOnly" typ="boolean"><value>false</value></Property><Property name="Required" typ="boolean"><value>false</value></Property><Property name="Text" typ="string"><value>Maxine</value></Property><Property name="Top" typ="integer"><value>40</value></Property><Property name="Visible" typ="boolean"><value>true</value></Property><Property name="Width" typ="integer"><value>121</value></Property></Control><Control clid="{91EA69B5-515D-467A-ADC0-71C06ECDEC7B}" field="ABTEILUNG" fieldclid="{29298E2E-7BE8-4FA0-9F45-F9DBAC8E077E}" ctrlType="TLabeledEdit"><Property name="Align" typ="TAlign"><value>alNone</value></Property><Property name="Caption" typ="string"><value>Abteilung</value></Property><Property name="CharCase" typ="TEditCharCase"><value>ecNormal</value></Property><Property name="Datafield" typ="TaskDataField"><value>ABTEILUNG</value></Property><Property name="Enabled" typ="boolean"><value>true</value></Property><Property name="Height" typ="integer"><value>21</value></Property><Property name="Left" typ="integer"><value>288</value></Property><Property name="Name" typ="String"><value>edAbteilung</value></Property><Property name="NumbersOnly" typ="boolean"><value>false</value></Property><Property name="Required" typ="boolean"><value>false</value></Property><Property name="Text" typ="string"><value>0815</value></Property><Property name="Top" typ="integer"><value>40</value></Property><Property name="Visible" typ="boolean"><value>true</value></Property><Property name="Width" typ="integer"><value>121</value></Property></Control><Control clid="{6B6DC162-4D79-4217-B566-480122C07461}" field="EINSTELLUNGSDATUM" fieldclid="{2BE347F4-7EEB-4D7F-BF2E-B03D54771458}" ctrlType="TLabeledEdit"><Property name="Align" typ="TAlign"><value>alNone</value></Property><Property name="Caption" typ="string"><value>Einstellung zum</value></Property><Property name="CharCase" typ="TEditCharCase"><value>ecNormal</value></Property><Property name="Datafield" typ="TaskDataField"><value>EINSTELLUNGSDATUM</value></Property><Property name="Enabled" typ="boolean"><value>true</value></Property><Property name="Height" typ="integer"><value>21</value></Property><Property name="Left" typ="integer"><value>424</value></Property><Property name="Name" typ="String"><value>edEinstellung</value></Property><Property name="NumbersOnly" typ="boolean"><value>false</value></Property><Property name="Required" typ="boolean"><value>false</value></Property><Property name="Text" typ="string"><value>01.01.2020</value></Property><Property name="Top" typ="integer"><value>40</value></Property><Property name="Visible" typ="boolean"><value>true</value></Property><Property name="Width" typ="integer"><value>86</value></Property></Control><Control clid="{73689163-81FA-4CA9-8F07-0A6A72EF0AFA}" field="LOHNGRUPPE_AUSGESCHRIEBEN" fieldclid="{0941196E-AAB6-4529-8C91-E932D2A0E5C0}" ctrlType="TLabeledEdit"><Property name="Align" typ="TAlign"><value>alNone</value></Property><Property name="Caption" typ="string"><value>EG Auschreibung</value></Property><Property name="CharCase" typ="TEditCharCase"><value>ecNormal</value></Property><Property name="Datafield" typ="TaskDataField"><value>LOHNGRUPPE_AUSGESCHRIEBEN</value></Property><Property name="Enabled" typ="boolean"><value>true</value></Property><Property name="Height" typ="integer"><value>21</value></Property><Property name="Left" typ="integer"><value>20</value></Property><Property name="Name" typ="String"><value>edEGAusschreibung</value></Property><Property name="NumbersOnly" typ="boolean"><value>false</value></Property><Property name="Required" typ="boolean"><value>false</value></Property><Property name="Text" typ="string"><value>EG13B</value></Property><Property name="Top" typ="integer"><value>80</value></Property><Property name="Visible" typ="boolean"><value>true</value></Property><Property name="Width" typ="integer"><value>121</value></Property></Control><Control clid="{23C9B1B3-E430-41D0-AEAF-25F2D0D5B542}" field="LOHNGRUPPE_EINSTELLUNG" fieldclid="{9134D3FE-87F1-429C-A603-7BB55728F918}" ctrlType="TLabeledEdit"><Property name="Align" typ="TAlign"><value>alNone</value></Property><Property name="Caption" typ="string"><value>EG Einstellung</value></Property><Property name="CharCase" typ="TEditCharCase"><value>ecNormal</value></Property><Property name="Datafield" typ="TaskDataField"><value>LOHNGRUPPE_EINSTELLUNG</value></Property><Property name="Enabled" typ="boolean"><value>true</value></Property><Property name="Height" typ="integer"><value>21</value></Property><Property name="Left" typ="integer"><value>152</value></Property><Property name="Name" typ="String"><value>edEGEinstellung</value></Property><Property name="NumbersOnly" typ="boolean"><value>false</value></Property><Property name="Required" typ="boolean"><value>false</value></Property><Property name="Text" typ="string"><value>EG13B</value></Property><Property name="Top" typ="integer"><value>80</value></Property><Property name="Visible" typ="boolean"><value>true</value></Property><Property name="Width" typ="integer"><value>121</value></Property></Control><Control clid="{D1E995CC-F315-46C4-A9C9-FA98E5BA28C6}" field="AUSCHREIBUNGSREFERENZ" fieldclid="{0FA4237A-EB3A-4D96-AFFC-2AFAF36EB276}" ctrlType="TLabeledEdit"><Property name="Align" typ="TAlign"><value>alNone</value></Property><Property name="Caption" typ="string"><value>Ausschreibung</value></Property><Property name="CharCase" typ="TEditCharCase"><value>ecNormal</value></Property><Property name="Datafield" typ="TaskDataField"><value>AUSCHREIBUNGSREFERENZ</value></Property><Property name="Enabled" typ="boolean"><value>true</value></Property><Property name="Height" typ="integer"><value>21</value></Property><Property name="Left" typ="integer"><value>288</value></Property><Property name="Name" typ="String"><value>edAusschreibung</value></Property><Property name="NumbersOnly" typ="boolean"><value>false</value></Property><Property name="Required" typ="boolean"><value>false</value></Property><Property name="Text" typ="string"><value>TH8948873</value></Property><Property name="Top" typ="integer"><value>80</value></Property><Property name="Visible" typ="boolean"><value>true</value></Property><Property name="Width" typ="integer"><value>121</value></Property></Control></Control><Control clid="{0ADB29BC-A5C1-485B-8C12-A862442F6759}" field="" fieldclid="" ctrlType="TGroupBox"><Property name="Align" typ="TAlign"><value>alTop</value></Property><Property name="Caption" typ="string"><value>Bewerber</value></Property><Property name="Enabled" typ="boolean"><value>true</value></Property><Property name="Height" typ="integer"><value>79</value></Property><Property name="Left" typ="integer"><value>1</value></Property><Property name="Name" typ="String"><value>grpBewerber</value></Property><Property name="Top" typ="integer"><value>106</value></Property><Property name="Visible" typ="boolean"><value>true</value></Property><Property name="Width" typ="integer"><value>699</value></Property><Control clid="{1417EBE0-E32B-4356-BD64-95E7291D3364}" field="BEWERBER_INTERN" fieldclid="{AE7FD20E-81EA-4C30-851D-8A965CA498BE}" ctrlType="TLabeledEdit"><Property name="Align" typ="TAlign"><value>alNone</value></Property><Property name="Caption" typ="string"><value>Intern</value></Property><Property name="CharCase" typ="TEditCharCase"><value>ecNormal</value></Property><Property name="Datafield" typ="TaskDataField"><value>BEWERBER_INTERN</value></Property><Property name="Enabled" typ="boolean"><value>true</value></Property><Property name="Height" typ="integer"><value>21</value></Property><Property name="Left" typ="integer"><value>20</value></Property><Property name="Name" typ="String"><value>edIntern</value></Property><Property name="NumbersOnly" typ="boolean"><value>false</value></Property><Property name="Required" typ="boolean"><value>false</value></Property><Property name="Text" typ="string"><value>5</value></Property><Property name="Top" typ="integer"><value>32</value></Property><Property name="Visible" typ="boolean"><value>true</value></Property><Property name="Width" typ="integer"><value>41</value></Property></Control><Control clid="{DBB89540-B83C-4824-8A33-B3BCB23AD84B}" field="BEWERBER_KONZERN" fieldclid="{5CFC7243-A148-4FEB-B1A6-1B5CC5D1E74A}" ctrlType="TLabeledEdit"><Property name="Align" typ="TAlign"><value>alNone</value></Property><Property name="Caption" typ="string"><value>Konzern</value></Property><Property name="CharCase" typ="TEditCharCase"><value>ecNormal</value></Property><Property name="Datafield" typ="TaskDataField"><value>BEWERBER_KONZERN</value></Property><Property name="Enabled" typ="boolean"><value>true</value></Property><Property name="Height" typ="integer"><value>21</value></Property><Property name="Left" typ="integer"><value>68</value></Property><Property name="Name" typ="String"><value>edKonzern</value></Property><Property name="NumbersOnly" typ="boolean"><value>false</value></Property><Property name="Required" typ="boolean"><value>false</value></Property><Property name="Text" typ="string"><value>2</value></Property><Property name="Top" typ="integer"><value>32</value></Property><Property name="Visible" typ="boolean"><value>true</value></Property><Property name="Width" typ="integer"><value>43</value></Property></Control><Control clid="{54380D9E-7D63-4576-82D0-17C3059A78D6}" field="BEWERBER_EXTERN" fieldclid="{9CBD2EB8-669E-4B0D-BB8C-6EBCB86FB7B0}" ctrlType="TLabeledEdit"><Property name="Align" typ="TAlign"><value>alNone</value></Property><Property name="Caption" typ="string"><value>Externe</value></Property><Property name="CharCase" typ="TEditCharCase"><value>ecNormal</value></Property><Property name="Datafield" typ="TaskDataField"><value>BEWERBER_EXTERN</value></Property><Property name="Enabled" typ="boolean"><value>true</value></Property><Property name="Height" typ="integer"><value>21</value></Property><Property name="Left" typ="integer"><value>120</value></Property><Property name="Name" typ="String"><value>edExtern</value></Property><Property name="NumbersOnly" typ="boolean"><value>false</value></Property><Property name="Required" typ="boolean"><value>false</value></Property><Property name="Text" typ="string"><value>3</value></Property><Property name="Top" typ="integer"><value>32</value></Property><Property name="Visible" typ="boolean"><value>true</value></Property><Property name="Width" typ="integer"><value>44</value></Property></Control></Control><Control clid="{42E819FD-CC0B-4EA2-8888-66D94616396A}" field="" fieldclid="" ctrlType="TGroupBox"><Property name="Align" typ="TAlign"><value>alTop</value></Property><Property name="Caption" typ="string"><value>Aufgaben</value></Property><Property name="Enabled" typ="boolean"><value>true</value></Property><Property name="Height" typ="integer"><value>136</value></Property><Property name="Left" typ="integer"><value>1</value></Property><Property name="Name" typ="String"><value>grpAufgaben</value></Property><Property name="Top" typ="integer"><value>185</value></Property><Property name="Visible" typ="boolean"><value>true</value></Property><Property name="Width" typ="integer"><value>699</value></Property><Control clid="{4699B9B1-54DE-4B85-9F37-CBFB435B65DF}" field="AUFGABEN" fieldclid="{A5837BFD-F798-4A2C-860F-011EABF5048E}" ctrlType="TRichEdit"><Property name="Align" typ="TAlign"><value>alClient</value></Property><Property name="Datafield" typ="TaskDataField"><value>AUFGABEN</value></Property><Property name="Enabled" typ="boolean"><value>true</value></Property><Property name="Height" typ="integer"><value>119</value></Property><Property name="Left" typ="integer"><value>2</value></Property><Property name="Name" typ="String"><value>reAufgaben</value></Property><Property name="Required" typ="boolean"><value>false</value></Property><Property name="Text" typ="TStrings"><value>Bitte die Aufgabenbeschreibung eintragen!

hallo Welt
</value></Property><Property name="Top" typ="integer"><value>15</value></Property><Property name="Visible" typ="boolean"><value>true</value></Property><Property name="Width" typ="integer"><value>695</value></Property></Control></Control><Control clid="{57101619-7FD5-43C0-82A3-8728F3AC1EAF}" field="" fieldclid="" ctrlType="TSplitter"><Property name="Align" typ="TAlign"><value>alTop</value></Property><Property name="Enabled" typ="boolean"><value>true</value></Property><Property name="Height" typ="integer"><value>5</value></Property><Property name="Left" typ="integer"><value>1</value></Property><Property name="Name" typ="String"><value>Splitter2667500</value></Property><Property name="Top" typ="integer"><value>321</value></Property><Property name="Visible" typ="boolean"><value>true</value></Property><Property name="Width" typ="integer"><value>699</value></Property></Control><Control clid="{B637A3CC-46EE-49B4-B17F-CFD56F69128A}" field="" fieldclid="" ctrlType="TGroupBox"><Property name="Align" typ="TAlign"><value>alTop</value></Property><Property name="Caption" typ="string"><value>Interne Kandidaten</value></Property><Property name="Enabled" typ="boolean"><value>true</value></Property><Property name="Height" typ="integer"><value>105</value></Property><Property name="Left" typ="integer"><value>1</value></Property><Property name="Name" typ="String"><value>grpInterne</value></Property><Property name="Top" typ="integer"><value>326</value></Property><Property name="Visible" typ="boolean"><value>true</value></Property><Property name="Width" typ="integer"><value>699</value></Property><Control clid="{94E18AAA-1BD1-4AC8-8845-03A9DC6D9CAF}" field="KANDIDATEN" fieldclid="{AF6CEC89-6230-4749-A886-1FD87B842C5A}" ctrlType="TStringGrid"><Property name="Align" typ="TAlign"><value>alClient</value></Property><Property name="Datafield" typ="TaskDataField"><value>KANDIDATEN</value></Property><Property name="Enabled" typ="boolean"><value>true</value></Property><Property name="Fields" typ="TFields"><value>Undefined!</value></Property><Property name="Height" typ="integer"><value>88</value></Property><Property name="Left" typ="integer"><value>2</value></Property><Property name="Name" typ="String"><value>Table51532125</value></Property><Property name="Required" typ="boolean"><value>false</value></Property><Property name="Top" typ="integer"><value>15</value></Property><Property name="Visible" typ="boolean"><value>true</value></Property><Property name="Width" typ="integer"><value>695</value></Property><Control clid="{F09A64F6-EB9A-4143-B2B6-BC1288B3DC86}" field="MA_NAME" fieldclid="{B43AFA70-89F9-4E91-9976-9A0EE17CEF93}" ctrlType="TTableField"><Property name="Datafield" typ="TaskDataField"><value>MA_NAME</value></Property><Property name="Header" typ="string"><value>Name</value></Property><Property name="Width" typ="integer"><value>100</value></Property></Control><Control clid="{9135EDCA-2946-4E4B-9218-C2DBC4BF6C0A}" field="MA_VORNAME" fieldclid="{C331C6EC-14EC-45E9-821F-58EEE0D2E669}" ctrlType="TTableField"><Property name="Datafield" typ="TaskDataField"><value>MA_VORNAME</value></Property><Property name="Header" typ="string"><value>Vorname</value></Property><Property name="Width" typ="integer"><value>100</value></Property></Control><Control clid="{D943BB5C-457B-4143-BDFE-668F6AAC4D8A}" field="ABTEILUNG" fieldclid="{22F5BFE0-B93B-4D54-BE23-6DB97C0CB00B}" ctrlType="TTableField"><Property name="Datafield" typ="TaskDataField"><value>ABTEILUNG</value></Property><Property name="Header" typ="string"><value>Abteilung</value></Property><Property name="Width" typ="integer"><value>50</value></Property></Control><Control clid="{DFA033E9-7159-4F2D-93D0-86B132679EE6}" field="GRUND" fieldclid="{8B85AB65-D324-4283-91AD-E4347B744222}" ctrlType="TTableField"><Property name="Datafield" typ="TaskDataField"><value>GRUND</value></Property><Property name="Header" typ="string"><value>Begründung</value></Property><Property name="Width" typ="integer"><value>350</value></Property></Control></Control></Control><Control clid="{96BF5B56-F321-47FC-9823-B6E812ECF1DA}" field="" fieldclid="" ctrlType="TGroupBox"><Property name="Align" typ="TAlign"><value>alTop</value></Property><Property name="Caption" typ="string"><value>Anmerkungen</value></Property><Property name="Enabled" typ="boolean"><value>true</value></Property><Property name="Height" typ="integer"><value>137</value></Property><Property name="Left" typ="integer"><value>1</value></Property><Property name="Name" typ="String"><value>grpAnmerkungen</value></Property><Property name="Top" typ="integer"><value>431</value></Property><Property name="Visible" typ="boolean"><value>true</value></Property><Property name="Width" typ="integer"><value>699</value></Property><Control clid="{A5911E3C-8E4D-4814-A7BF-A5A671B27EBD}" field="ANMERKUNGEN" fieldclid="{5F533D51-F433-46F9-858F-B67956DBD7FC}" ctrlType="TRichEdit"><Property name="Align" typ="TAlign"><value>alClient</value></Property><Property name="Datafield" typ="TaskDataField"><value>ANMERKUNGEN</value></Property><Property name="Enabled" typ="boolean"><value>true</value></Property><Property name="Height" typ="integer"><value>120</value></Property><Property name="Left" typ="integer"><value>2</value></Property><Property name="Name" typ="String"><value>RichEdit3356406</value></Property><Property name="Required" typ="boolean"><value>false</value></Property><Property name="Text" typ="TStrings"><value>Anmerkungen zum Fall
</value></Property><Property name="Top" typ="integer"><value>15</value></Property><Property name="Visible" typ="boolean"><value>true</value></Property><Property name="Width" typ="integer"><value>695</value></Property></Control></Control></Control></Form></Forms></Task>
