<?xml version="1.0"?>
<DataField name="MITGLIEDER" clid="{22821247-3D5A-4DF3-BA41-9A300A162800}" datatype="table" isGlobal="true" globalname="MITGLIEDER"><Text>Eine Tablle mit Mitgliedernamen und Rollen</Text><Properties><Property name="MinLines" typ="integer"><value>0</value></Property><Property name="MaxLines" typ="integer"><value>0</value></Property></Properties><Childs><DataField name="NAME" clid="{940BADEF-0181-4E5C-A2B6-C8C78B538789}" datatype="string" isGlobal="false" globalname=""><Text>Der Name</Text><Properties><Property name="Length" typ="integer"><value>100</value></Property><Property name="Readonly" typ="bool"><value>false</value></Property><Property name="RegEx" typ="string"><value></value></Property><Property name="CharCase" typ="TEditCharCase"><value>ecNormal</value></Property></Properties></DataField><DataField name="VORNAME" clid="{01EE4F38-AED5-4D51-9BFE-F09D736CAA60}" datatype="string" isGlobal="false" globalname=""><Text>Der Vorname</Text><Properties><Property name="Length" typ="integer"><value>100</value></Property><Property name="Readonly" typ="bool"><value>false</value></Property><Property name="RegEx" typ="string"><value></value></Property><Property name="CharCase" typ="TEditCharCase"><value>ecNormal</value></Property></Properties></DataField><DataField name="ABTEILUNG" clid="{043D849F-D2E0-4BF4-A11B-DF8FF33AE40E}" datatype="string" isGlobal="false" globalname=""><Text>Die abteilung</Text><Properties><Property name="Length" typ="integer"><value>100</value></Property><Property name="Readonly" typ="bool"><value>false</value></Property><Property name="RegEx" typ="string"><value></value></Property><Property name="CharCase" typ="TEditCharCase"><value>ecNormal</value></Property></Properties></DataField><DataField name="ROLLE" clid="{53B9698F-B05D-4390-A939-25E342E59664}" datatype="string" isGlobal="false" globalname=""><Text>Die Rolle in dem Gremium</Text><Properties><Property name="Length" typ="integer"><value>100</value></Property><Property name="Readonly" typ="bool"><value>false</value></Property><Property name="RegEx" typ="string"><value></value></Property><Property name="CharCase" typ="TEditCharCase"><value>ecNormal</value></Property></Properties></DataField></Childs></DataField>
