{
  "rem": [
    "Konfiguration der Aufgaben für ein Gremium"
  ],
  "list": [
    {
      "name": "BER",
      "typen": [
        1,
        2,
        3,
        4,
        5,
        6,
        8
      ]
    },
    {
      "name": "PSA",
      "typen": [
        1,
        4,
        3,
        6,
        8
      ]
    },
    {
      "name": "EGA",
      "typen": [
        2,
        3,
        4
      ]
    },
    {
      "name": "STA",
      "typen": [
        4
      ]
    },
    {
      "name": "AWA",
      "typen": [
        4
      ]
    }
  ]
}