<?xml version="1.0" encoding="UTF-8"?><!-- edited with XMLSPY v2004 rel. 3 U (http://www.xmlspy.com) by John Doe (Blaupunkt GmbH) --><BER xmlns:xsi="http://www.w3.org/2001/XMLSchema-instance">	<Gremium name="Betriebsrat" kurz="BER" pkurz="" pic="BER_6px.png" color="16777215"/>	<Gremium name="Personal- und Soziales-Ausschus" kurz="PSA" pkurz="BER" pic="PSA_16px.png" color="16777073"/>	<Gremium name="Entgeldausschus" kurz="EGA" pkurz="BER" pic="EGA_16px.png" color="9830399"/>	<Gremium name="Sicherheits-Technologie-Ausschus" kurz="STA" pkurz="BER" pic="STA_16px.png" color="8519522"/>	<Gremium name="Aus- und Weiterbildung" kurz="AWA" pkurz="BER" pic="AWA_16px.png" color="12696253"/>	<Gremium name="Betrieblichesvorschlagswesen" kurz="BVW" pkurz="BER" pic="AG_16px.png" color="12696137"/>	<Gremium name="Wirtschaftausschus" kurz="WAS" pkurz="BER" pic="WSA_16px.png" color="6160230"/>	<Gremium name="Werksverpflegung" kurz="WVP" pkurz="BER" pic="AG_16px.png" color="12451686"/>	<Gremium name="Betriebliches Eingliederungsteam" kurz="BEM" pkurz="BER" pic="BET_16px.png" color="796448"/>	<Gremium name="Arbeitsgruppen" kurz="AG" pkurz="" pic="AG_16px.png" color="3620607"/>	<Gremium name="LEAN" kurz="AG LEAN" pkurz="AG" pic="AG_LEAN_16px.png" color="3620607"/>	<Gremium name="AG Fehlzeiten/ Krankenstand" kurz="AG KRANK" pkurz="AG" pic="AG_Krank_16px.png" color="3620607"/>	<Gremium name="AG IDD" kurz="AG IDD" pkurz="AG" pic="AG_16px.png" color="3620607"/>	<Gremium name="AG Leistungsbeurteilung" kurz="AG $$$" pkurz="AG" pic="AG_LBUR_16px.png" color="3620607"/>	<Gremium name="Betriebsausschus" kurz="BA" pkurz="" pic="BA_16px.png" color="15007744"/></BER>