<?xml version="1.0"?>
<DataField name="VG_VORNAME" clid="{01AC8786-17F1-49F8-9422-F9A8FBFC3F9E}" datatype="string" isGlobal="true" globalname="VG_VORNAME"><Text>Der Vorname des Vorgesetzen</Text><Properties><Property name="Length" typ="integer"><value>100</value></Property><Property name="Readonly" typ="bool"><value>false</value></Property><Property name="RegEx" typ="string"><value></value></Property><Property name="CharCase" typ="TEditCharCase"><value>ecNormal</value></Property></Properties></DataField>
