<?xml version="1.0"?>
<DataField name="ABTEILUNG" clid="{F0634FC6-6BB8-44AB-955D-0C14F1369037}" datatype="string" isGlobal="true" globalname="ABTEILUNG"><Text>Eine Abteilungsbezeichnung</Text><Properties><Property name="Length" typ="integer"><value>100</value></Property><Property name="Readonly" typ="bool"><value>false</value></Property><Property name="RegEx" typ="string"><value></value></Property><Property name="CharCase" typ="TEditCharCase"><value>ecNormal</value></Property></Properties></DataField>
