<?xml version="1.0"?>
<DataField name="LOHNGRUPPE" clid="{E529328D-1AC9-4798-A289-4E68D6AF2D75}" datatype="enum" isGlobal="true" globalname="LOHNGRUPPE"><Text>Lohngruppe Nach Tarif</Text><Properties><Property name="Values" typ="EnumList"><value>1A;1B;1C;2A;2B;2C;3A;3B;3C;4A;4B;4C;5A;5B;5C;6A;6B;6C;7A;7B;7C;8A;8B;8C;9A;9B;9C;10A;10B;10C;11A;11B;11C;12A;12B;12C;13A;13B;13C;AT;SL1;SL2</value></Property><Property name="Default" typ="string"><value>1</value></Property><Property name="Egene Werte" typ="bool"><value>true</value></Property></Properties></DataField>
