<?xml version="1.0"?>
<DataField name="MA_NAME" clid="{2C01072B-F83C-4859-9BE6-47157624C7AB}" datatype="string" isGlobal="true" globalname="MA_NAME"><Text>Der Name des Mitarbeiters</Text><Properties><Property name="Length" typ="integer"><value>100</value></Property><Property name="Readonly" typ="bool"><value>false</value></Property><Property name="RegEx" typ="string"><value></value></Property><Property name="CharCase" typ="TEditCharCase"><value>ecNormal</value></Property></Properties></DataField>
